﻿Track Name,Lat,Lon,Years Active
Wales Rally Gb,52.130661,-3.783712,46
Tour de Corse,42.180721,9.04704,40
Portugal Rally,39.399872,-8.224454,40
Rally Finland,63.252357,27.276469,46
Rally di Sanremo,43.819825,7.774883,30
Safari Rally,-32.72084,25.590059,29
Press-on-Regardless Rally,46.54361,-87.396288,2
Monte Carlo Rally,43.738419,7.424616,42
Acropolis Rally,37.98381,23.727539,38
Swedish Rally,59.885607,13.174972,43
Rallye du Maroc,31.791702,-7.09262,3
Rally Poland,51.919437,19.145136,6
Österreichische Alpenfahrt,47.516232,14.550072,1
Rally Rideau Lakes,44.90379,-76.021599,1
Critérium du Quebec ,52.939915,-73.549133,3
Rally New Zealand,-43.464458,171.791763,31
Rallye Cóte d'lvoire,7.539989,-5.54708,15
Rally Argentina,-38.416096,-63.616673,38
Rally Brazil,-14.235004,-51.925282,2
Olympus Rally,47.215096,-123.100708,3
Rally Australia,-25.274399,133.775131,26
Rally Catalunya,41.69215,1.74601,29
Rally Indonesia,-0.789275,113.921326,2
Rally China,22.86994,113.41972,1
Cyprus Rally,34.66928,33.028212,8
Rallye Deutschland,51.165691,10.451526,17
Rally of Turkey,38.963745,35.24332,8
Rally di Sardegna,40.085899,8.97982,15
Rally Mexico,21.121361,-101.683403,15
Rally Japan,43.451984,142.819778,6
Rally Norway,60.189911,12.216023,2
Rally Ireland,54.597271,-5.93011,2
Rally Jordan,31.945368,35.928371,3
Rally d'Alsace,48.249176,7.40747,5
Rally Bulgaria,42.307564,23.53186,1
Rally Chile,-37.339141,-72.410683,1